,Eubacteria_Cyanobacteria_Cyanophyceae_Nostocales_Aphanizomenonaceae_Aphanizomenon,Eubacteria_Cyanobacteria_Cyanophyceae_Synechococcales_Merismopediaceae_Aphanocapsa,Plantae_Chlorophyta_Chlorophyceae_Sphaeropleales_Selenastraceae_Monoraphidium,Eubacteria_Cyanobacteria_Cyanophyceae_Synechococcales_Pseudanabaenaceae_Pseudanabaena,Plantae_Chlorophyta_Chlorophyceae_Sphaeropleales_Scenedesmaceae_Scenedesmus,Eubacteria_Cyanobacteria_Cyanophyceae_Synechococcales_Synechococcaceae_Synechococcus,Chromista_Bacillariophyta_Coscinodiscophyceae_Aulacoseirales_Aulacoseiraceae_Aulacoseira,Plantae_Charophyta_Conjugatophyceae_Desmidiales_Closteriaceae_Closterium,Chromista_Cryptophyta_Cryptophyceae_Cryptomonadales_Cryptomonadaceae_Cryptomonas,Eubacteria_Cyanobacteria_Cyanophyceae_Nostocales_Aphanizomenonaceae_Cylindrospermopsis,Eubacteria_Cyanobacteria_Cyanophyceae_Synechococcales_Leptolyngbyaceae_Planktolyngbya,Plantae_Chlorophyta_Chlorophyceae_Sphaeropleales_Hydrodictyaceae_Tetraedron,Plantae_Chlorophyta_Chlorophyceae_Chlamydomonadales_Chlamydomonadaceae_Chlamydomonas,Chromista_Haptophyta_Coccolithophyceae_Prymnesiales_Chrysochromulinaceae_Chrysochromulina,Chromista_Bacillariophyta_Mediophyceae_Stephanodiscales_Stephanodiscaceae_Cyclotella,Eubacteria_Cyanobacteria_Cyanophyceae_Synechococcales_Merismopediaceae_Merismopedia,Chromista_Ochrophyta_Bacillariophyceae_Naviculales_Naviculaceae_Navicula,Chromista_Ochrophyta_Bacillariophyceae_Bacillariales_Bacillariaceae_Nitzschia,Plantae_Chlorophyta_Trebouxiophyceae_Chlorellales_Oocystaceae_Oocystis,Eubacteria_Cyanobacteria_Cyanophyceae_Synechococcales_Coelosphaeriaceae_Snowella,Eubacteria_Cyanobacteria_Cyanophyceae_Nostocales_Aphanizomenonaceae_Dolichospermum,Plantae_Chlorophyta_Chlorophyceae_Sphaeropleales_Selenastraceae_Selenastrum,Plantae_Chlorophyta_Trebouxiophyceae_Chlorellales_Chlorellaceae_Actinastrum,Eubacteria_Cyanobacteria_Cyanophyceae_Chroococcales_Chroococcaceae_Chroococcus,Plantae_Chlorophyta_Chlorophyceae_Sphaeropleales_Scenedesmaceae_Desmodesmus,Eubacteria_Cyanobacteria_Cyanophyceae_Synechococcales_Merismopediaceae_Dictyosphaerium,Plantae_Chlorophyta_Chlorophyceae_Sphaeropleales_Scenedesmaceae_Coelastrum,Plantae_Chlorophyta_Trebouxiophyceae_Trebouxiophyceae ordo incertae sedis_Trebouxiophyceae incertae sedis_Crucigenia,Chromista_Cryptophyta_Cryptophyceae_Cryptomonadales_Hemiselmidaceae_Komma,Eubacteria_Cyanobacteria_Cyanophyceae_Nostocales_Aphanizomenonaceae_Raphidiopsis,Plantae_Chlorophyta_Chlorophyceae_Sphaeropleales_Selenastraceae_Ankistrodesmus,Plantae_Chlorophyta_Chlorophyceae_Sphaeropleales_Selenastraceae_Elaktothrix,Eubacteria_Cyanobacteria_Cyanophyceae_Oscillatoriales_Microcoleaceae_Planktothrix,Plantae_Chlorophyta_Chlorophyceae_Sphaeropleales_Schroederiaceae_Schroederia,Plantae_Chlorophyta_Chlorophyceae_Sphaeropleales_Neochloridaceae_Golenkinia,Protozoa_Euglenozoa_Euglenophyceae_Euglenales¬†_Euglenaceae_Trachelomonas,Chromista_Bacillariophyta_Coscinodiscophyceae_Melosirales_Melosiraceae_Melosira,Eubacteria_Cyanobacteria_Cyanophyceae_Synechococcales_Synechococcaceae_Cyanogranis,Eubacteria_Cyanobacteria_Cyanophyceae_Chroococcales_Aphanothecaceae_Aphanothece,Plantae_Chlorophyta_Chlorophyceae_Sphaeropleales_Radiococcaceae_Gloeocystis,Plantae_Chlorophyta_Chlorophyceae_Sphaeropleales_Selenastraceae_Kirchneriella,Eubacteria_Cyanobacteria_Cyanophyceae_Chroococcales_Microcystaceae_Microcystis,Chromista_Bacillariophyta_Coscinodiscophyceae_Rhizosoleniales_Rhizosoleniaceae_Urosolenia,Chromista_Bacillariophyta_Bacillariophyceae_Tabellariales_Tabellariaceae_Asterionella,Eubacteria_Cyanobacteria_Cyanophyceae_Nostocales_Aphanizomenonaceae_Anabaenopsis,Plantae_Chlorophyta_Chlorophyceae_Chlamydomonadales_Volvocaceae_Eudorina,Plantae_Chlorophyta_Trebouxiophyceae_Chlorellales_Oocystaceae_Lagerheimia,Plantae_Charophyta_Conjugatophyceae¬†_Desmidiales_Desmidiaceae_Cosmarium,Plantae_Chlorophyta_Chlorophyceae_Sphaeropleales_Treubariaceae_Treubaria,Plantae_Chlorophyta_Trebouxiophyceae_Chlorellales_Chlorellaceae_Micractinium,Chromista_Bacillariophyta_Bacillariophyceae_Cocconeidales_Cocconeidaceae_Cocconeis,Chromista_Ochrophyta_Bacillariophyceae_Thalassiosirales_Stephanodiscaceae_Stephanodiscus,Chromista_Ochrophyta_Xanthophyceae_Tribonematales_Tribonemataceae_Tribonema,Plantae_Chlorophyta_Chlorophyceae_Chlamydomonadales_Sphaerocystidaceae_Sphaerocystis,Chromista_Bacillariophyta_Bacillariophyceae_Licmophorales_Ulnariaceae_Ulnaria,Plantae_Charophyta_Conjugatophyceae¬†_Desmidiales_Desmidiaceae_Staurastrum,Eubacteria_Cyanobacteria_Cyanophyceae_Chroococcales_Gomphosphaeriaceae_Gomphosphaeria,Chromista_Bacillariophyta_Bacillariophyceae_Rhabdonematales_Tabellariaceae_Tabellaria,Chromista_Miozoa_Dinophyceae_Gymnodiniales_Gymnodiniaceae_Gymnodinium,Eubacteria_Cyanobacteria_Cyanophyceae_Nostocales_Aphanizomenonaceae_Cuspidothrix,Eubacteria_Cyanobacteria_Cyanophyceae_Synechococcales_Synechococcaceae_Cyanodictyon,Protozoa_Euglenozoa_Euglenophyceae_Euglenida_Phacidae_Phacus,Plantae_Chlorophyta_Chlorophyceae_Chlamydomonadales_Chlamydomonadaceae_Carteria,Protozoa_Euglenozoa_Euglenophyceae_Euglenales¬†_Euglenaceae_Euglena,Plantae_Chlorophyta_Chlorophyceae_Sphaeropleales_Hydrodictyaceae_Pediastrum,Chromista_Ochrophyta_Synurophyceae_Synurales_Mallomonadaceae_Mallomonas,Chromista_Bacillariophyta_Bacillariophyceae_Fragilariales_Fragilariaceae_Fragilaria,Chromista_Ochrophyta_Chrysophyceae_Chromulinales_Dinobryaceae_Dinobryon,Plantae_Chlorophyta_Chlorophyceae_Chlamydomonadales_Volvocaceae_Pandorina,Plantae_Chlorophyta_Chlorophyceae_Sphaeropleales_Selenastraceae_Quadrigula,Chromista_Bacillariophyta_Bacillariophyceae_Naviculales_Pinnulariaceae_Pinnularia,Chromista_Miozoa_Dinophyceae_Gonyaulacales_Gonyaulacales_Ceratium,Plantae_Chlorophyta_Trebouxiophyceae_Chlorellales_Chlorellaceae_Chlorella,Eubacteria_Cyanobacteria_Cyanophyceae_Synechococcales_Merismopediaceae_Synechocystis,Plantae_Chlorophyta_Ulvophyceae_Ulotrichales_Ulotrichaceae_Ulothrix,Plantae_Chlorophyta_Chlorophyceae_NA_NA_Unknown3,Eubacteria_Cyanobacteria_Cyanophyceae_Chroococcales_NA_Unknown5,Plantae_Chlorophyta_Chlorophyceae_NA_NA_Unknown6,Chromista_Bacillariophyta_Bacillariophyceae_Tabellariales_Tabellariaceae_Diatoma,Chromista_Bacillariophyta_Bacillariophyceae_Fragilariales_Fragilariaceae_Synedra,Plantae_Chlorophyta_Chlorophyceae_Chlamydomonadales_Chlorococcaceae_Chlorococcum,Plantae_Charophyta_Conjugatophyceae¬†_Desmidiales_Desmidiaceae_Micrastarias,Chromista_Ochrophyta_Chrysophyceae_Chromulinales_Chromulinaceae_Ochromonas,Eubacteria_Cyanobacteria_Cyanophyceae_Chroococcales_Chroococcaceae_Unknown7,Eubacteria_Cyanobacteria_Cyanophyceae_Chroococcales_NA_Unknown8,Plantae_Chlorophyta_Chlorophyceae_Chlamydomonadales_NA_Unknown9,Plantae_Chlorophyta_Chlorophyceae_Chlamydomonadales_Goniaceae_Gonium,Chromista_Bacillariophyta_Coscinodiscophyceae_Aulacoseirales_NA_Unknown10,Chromista_Cryptophyta_Cryptophyceae_NA_NA_Unknown11,Plantae_Chlorophyta_Chlorophyceae_Chlamydomonadales_NA_Unknown12,Protozoa_Euglenozoa_Euglenophyceae_Euglenales_Euglenaceae_Unknown13,Eubacteria_Cyanobacteria_Cyanophyceae_Chroococcales_Microcystaceae_Gloeocapsa,Chromista_Miozoa_Dinophyceae_NA_NA_Unknown14,Chromista_Bacillariophyta_Bacillariophyceae_NA_NA_Unknown15,Plantae_Chlorophyta_Trebouxiophyceae_NA_NA_Unknown16,Plantae_Chlorophyta_Trebouxiophyceae_Chlorellales_Oocystaceae_Planctonema,Eubacteria_Cyanobacteria_Cyanophyceae_Nostocales_Aphanizomenonaceae_Unknown18,Plantae_Chlorophyta_Trebouxiophyceae_Chlorellales_NA_Unknown19,Chromista_Bacillariophyta_Coscinodiscophyceae_Aulacoseirales_NA_Unknown20,Plantae_Chlorophyta_Chlorophyceae_Chlamydomonadales_Phacotaceae_Dysmorphococcus,Plantae_Charophyta_Zygnematophyceae_Zygnematales_Zygnemataceae_Mougeotia,Chromista_Bacillariophyta_Coscinodiscophyceae_Thalassiosirales_Skeletonemaceae_Skeletonoma,Plantae_Chlorophyta_Chlorophyceae_Chlamydomonadales_Tetrasporaceae_Paulschulzia,Chromista_Miozoa_Dinophyceae_Peridiniales_Peridiniaceae_Perdinium,Plantae_Charophyta_Zygnematophyceae_Desmidiales_Desmidiaceae_Arthrodesmus,Chromista_Miozoa_Dinophyceae_Peridiniales_Peridiniales incertae sedis_Glenodinium
Arcadia,0.833686441,0.440810328,0.014547315,0.550824146,0.013920876,1.344211716,0,0,0.093965911,0.972768517,0.046445523,0,0.015034546,0.0369489,1.405726843,0.155223267,0,0.027041301,0.009326987,0.01287681,0.004758112,0,0,0.013155228,0,0,0,0,0.048157529,0.113299762,0,0,0,0,0,0,0,0,0,0,0.00556835,0.069604378,0,0,0,0,0,0,0,0,0,0,0,0,0,0,0,0,0,0,0,0,0,0,0,0,0,0,0,0,0,0,0,0,0,0,0,0,0,0,0,0,0,0,0,0,0,0,0,0,0,0,0,0,0,0,0,0,0,0,0,0,0,0,0,0
Birch,0.012049645,0.259142795,0.005768124,1.588466197,0.011480926,0.777943012,0.101483183,0.001503455,0.526752014,0.427611971,0.193039394,0.009970093,0.032627052,0.029436957,0.017084711,0.045436691,0,0,0,0,0,0,0,0,0,0,0,0,0.014318615,0,0.213764115,0,0,0,0,0,0,0,0,0,0,0,0,0,0,0,0,0,0,0,0,0.208813135,0,0,0,0,0,0,0,0,0,0,0,0,0,0,0,0,0,0,0,0,0,0,0,0,0,0,0,0,0,0,0,0,0,0,0,0,0,0,0,0,0,0,0,0,0,0,0,0,0,0,0,0,0,0
Bluestem,0,0.20405651,0.000339321,0.009387204,0.014918206,0.933691405,0,0,0.046893707,0,0.172520492,0.002392822,0,0,0.001492144,0.026998868,0,0.001095174,0.004989242,8.70055E-05,0.000543784,0,0,0,0,0,0,0.024900332,0.00334101,0,0,0,0,0,0,0,0.007830493,0,0,0,0,0,0,0,0,0,0,0,0,0,0,0,0,0,0,0,0,0,0,0,0,0,0,0,0,0,0,0,0,0,0,0,0,0,0,0,0.002349148,0,0,0,0,0,0,0,0.002816161,0,0,0,0.029340874,0,0,0,0,0,0,0,0,0,0,0,0,0,0,0,0,0
Broken Bow,0.211324733,0.139152885,0.000747694,0.000503389,0.010280031,0.883644487,0,0,0,0,0.008432838,0.023203125,0.003818297,0.003176346,0.045450875,0.017319475,0.000626439,0.02070692,0.000149152,2.98304E-05,0,0,0,0,0,0,0,0,0.005011515,0,0,0,0,0.002088131,0,0,0,0,0,0,0,0,0,0,0,0,0,0,0,0,0,0,0,0,0,0,0,0,0,0,0,0,0,0,0,0,0,0,0,0,0,0,0,0,0,0,0,0,0,0,0,0,0,0,0,0,0,0,0,0,0,0,0,0,0,0,0,0,0,0,0,0,0,0,0,0
Brown,0,0.400416587,1.346763938,0,0,1.724558316,0,0,0.333564888,0.002818977,0.012002579,0,0.016705051,0.002088131,0,0.008474037,0,0,0.025057576,0,0.579108427,0,0,0,0,1.50679558,0,0,0.11080147,0,0,0,0,0,0,0.026728081,0,0,0,0,0,0,0,0,0,0,0,0,0,0,0,0,0,0,0,0,0,0,0,0,0,0,0,0.080184244,0,0,0,0,0,0,0,0,0,0,0,0,0,0,0,0,0,0,0,0,0,0,0,0,0,0,0,0,0,0,0,0,0,0,0,0,0,0,0,0,0,0
Canton,0.321945108,0.133754756,0.010844859,0.054119331,0.044956944,0.310611868,0,0,0,0.006040666,0.045598412,0,0.057990391,0.001006778,0.008054221,0.06121637,0,0.004116602,0.006324055,0.000372881,0.14806899,0.000894913,0,0.008233204,0,0,0,0.001367327,0.007636595,0.027868164,0,0,0,0.020508433,0,0.024162663,0,0,0,0,0,0,0,0,0,0,0,0,0,0,0,0,0,0,0.003579654,0,0,0,0,0,0,0,0,0,0,0,0,0,0,0,0,0,0,0,0,0,0,0,0,0,0,0,0,0,0,0,0,0,0,0,0,0,0,0,0,0,0,0,0,0,0,0,0,0,0,0
Carl Blackwell,0.072221235,0.368379833,0.050837967,0.176028195,0.21382465,0.950846471,0.088405827,0.004176263,0.127898045,1.434427212,0.099709878,0,0.008673776,0,0.033881939,0.049656175,0.080184244,0,0,0,0,0.003118276,0,0,0,0,0,0.081675,0,0.006264394,0.007350222,0,0,0.001285004,0,0,0,0,0,0,0,0,0,0,0,0,0,0,0,0,0,0,0,0,0.038550117,0,0,0,0,0,0,0,0,0,0,0,0,0,0,0,0,0,0,0,0,0,0,0,0,0.079382401,0,0,0,0,0.018041455,0,0,0,0,0,0,0,0,0,0,0,0,0,0,0,0,0,0,0,0,0
Chickasha,0,0.23978591,0.002668956,2.974751117,0.031082125,0.85337111,0,0,0.025057576,1.045778692,0.880084981,0.06414292,0.224143613,0.007593205,0.312934322,0.813322936,0,0.322625036,0.058467678,0.000312595,0,0,0,0.089220158,0.008352525,0.00117918,0,0.06818169,0.063208964,0.305594825,0,0,0,0,0.015128438,0,0,0,0,0,0,0,0,0,0,0.035593148,0,0.00530631,0,0,0,0,0,0,0,0,0,0,0,0,0,0,0,0,0,0.00550284,0.011959298,0,0,0,0,0,0,0,0,0,0,0,0,0,0,0,0,0,0,0,0,0,0,0,0,0,0,0,0,0,0,0,0,0,0,0,0,0,0,0
Claremore,0.04755928,0.23258303,0.018854901,0.070836538,0.014060084,0.445603967,0.035080607,0,0.199207731,0.044210335,0.006773376,0.059554688,0.043809744,0,0.110250863,0.407045654,0,0.019054198,0.04024466,0,0.109322377,0,0,0,0,0,0,0.008507813,0.00668202,0.012830327,0.007291059,0,0,0.004480782,0,0,0.093673314,0,0,0,0,0,0,0,0,0,0,0,0,0.003897845,0,0,0,0,0,0,0,0,0,0,0,0,0,0,0,0,0,0,0.00445468,0,0,0,0,0,0,0,0,0,0,0,0,0,0,0,0,0,0,0,0,0,0,0,0,0,0,0,0,0,0,0,0,0,0,0,0,0
Clear Creek,0.007673883,0.09755726,0.011442612,0.072015901,0.001063049,0.269304432,0.310221276,0.003853552,0.111055368,0.600717019,0.022510322,0,0.010098963,0.004449144,0.078588435,0.039348633,0,0.016344374,0.011693536,0.000851657,0,0,0,0,0.008770152,0,0,0.004060547,0.051005504,0.011062351,0,0,0,0,0,0,0,0,0,0,0,0,0,0,0,0,0,0,0,0,0,0,0,0,0,0,0,0,0,0,0,0,0,0,0,0,0,0,0,0,0,0,0,0,0,0,0,0,0,0,0,0,0,0,0,0,0,0,0,0,0,0,0,0,0,0,0,0,0,0,0,0,0,0,0,0
Clinton,0,0.232432748,0.012629696,0.048527814,0,0.887123027,0,0.004555923,0,0,0,0,0.004078382,0,0,0.326094544,0,0,0.145087163,0,0.035536199,0.023491478,0,0,0,0,0,0.015662109,0,0.052855825,0.000607457,0,1.694826683,0.001063049,0,0,0,0,0,0,0,0,0,0,0,0,0,0,0,0,0,0,0,0,0,0,0,0,0,0.038526023,0,0,0,0,0,0,0,0,0,0,0,0,0,0,0,0,0,0,0,0,0,0,0,0,0,0,0,0,0,0,0,0,0,0,0,0,0,0,0,0,0,0,0,0,0,0
Copan,0,0.516072962,0.070276766,0.062943241,0,1.277789563,0,0,0.04228466,0,0.012724551,0,0.244487105,0,0.069365113,0.094383545,0,0.039152463,0,0.000435027,0.033410102,0,0,0,0,0,0,0,0,0,0.006525411,0,0,0,0,0,0,0,0.020228773,0,0,0,0,0,0,0,0,0,0,0,0,0,0,0,0,0,0,0,0,0,0,0,0,0,0,0,0,0,0,0,0,0,0,0,0,0,0,0,0,0,0,0,0,0,0,0,0,0,0,0,0,0,0,0,0,0,0,0,0,0,0,0,0,0,0,0
Crowder,0.027375427,0.12188043,0.005460541,0.468827343,0.034368923,0.352524326,0,0.01555449,0.274911983,0.400005007,0.000970981,0.01722832,0.065096568,0,0.079394418,0.084705908,0,0.06906435,0.043207266,0.059279201,0.063479193,0,0.00110932,0.316836813,0,0.000978812,0.008686626,1.194967156,0,0.082373934,0.003652142,0,0,0.005115922,0,0,0,0,0,0,0.004555923,0.003693192,0,0,0,0,0,0,0,0,0.034454167,0.005345616,0.005262091,0,0.07745069,0,0,0,0,0,0,0,0,0,0,0,0,0,0,0,0,0,0.103768544,0,0,0,0,0,0,0,0,0,0,0,0,0,0,0,0,0,0,0,0,0,0,0,0,0,0,0,0,0,0,0,0,0
Duncan,0,0.078844361,0.008922063,0,0.003758637,0.398973384,0,0,0,0.026639336,0.041298018,0.009571289,0.058454314,0,0,0.040013306,0,0,0.010023031,0,0,0,0,0,0,0,0,0,0,0.002695647,0.00015661,0,0,0,0,0,0,0,0.000269717,0,0,0,0,0,0,0,0,0,0,0,0,0,0,0.005011515,0,0,0,0,0,0,0,0,0,0,0,0,0,0,0,0,0,0,0,0,0,0,0,0,0,0,0,0,0,0,0,0,0,0,0,0,0,0,0,0,0,0,0,0,0,0,0,0,0,0,0,0
Ellsworth,0,0.205191532,0.015303177,0,0.001837556,0.658149277,0.040092122,0,0,0,0,0.007018945,0.062243019,0,0,0.036829523,0.006342699,0,0.002813072,0,0.061641637,0,0,0,0,0,1.169053647,0.058703906,0,0,0.000334101,0,0,0,0,0.441915413,0,0,0,0,0,0,0,0,0,0.384216168,0,0.00253708,0,0,0,0,0,0,0,0,0,0,0,0,0,0,0,0,0,0,0,0,0,0,0,0,0,0,0,0,0,0,0,0.001127591,0,0,0,0,0,0,0,0,0,0,0,0,0,0,0,0,0,0,0,0,0,0,0,0,0,0
Elmer Thomas,0,0.548754393,0.135062946,0.288658873,0.041762627,1.637979986,0,0,3.468462842,1.182460559,0.335190013,0,0.682893993,0.145447765,0.214033463,0.974576569,0,0.109626896,0.028079657,0.055465989,1.291443984,0,0,0.035237217,0.010440657,0,0.044046521,0,0.923806796,0.070474433,0,0,0.093887606,0.040948225,0.017618608,0,0,0,0,0,0.120067553,0.267786532,0,0,0.036705434,0,0,0,0,0,0,0,0,0,0,0,0,0,0,0,0,0,0,0.247759231,0,0,0,0,0,0,0,0,0,0,0,0,0,0,0,0,0,0,0,0,0,0,0,0,0,0,0,0,0,0,0,0,0,0,0,0,0,0,0,0,0,0
Elmore City,0,0.302974808,0.041297903,0,0.020254874,1.068987032,0.059511744,0,0.180766921,0,0,0.009571289,0.011517377,0,0.00317135,0.108574311,0,0,0.008545025,0.000704744,0.007517273,0,0,0,0,0,0,0.014356934,0,0,0.000965761,0,0,0,0,0,0,0,0,0,0,0.054140515,0,0,0,0,0,0,0,0,0,0,0,0,0,0,0,0,0,0,0,0,0,0,0,0,0,0,0,0,0,0,0,0,0,0,0,0,0,0,0,0,0,0,0,0,0,0,0,0,0,0,0,0,0,0,0,0,0,0,0,0,0,0,0,0
Eucha,0.039807377,0.248798896,0.007930015,0.013213956,0.014248426,0.906585744,0,0,0.064670656,0.536392927,0,0,0.011192998,0.020347416,0.435469772,0.211728516,0,0.002210963,0.008542356,0,0,0,0,0.0384406,0.016889298,0,0,0,0.022779615,0,0.000552741,0,0,0,0.0019653,0.019653001,0,0,0.026101642,0,0,0,0,0,0,0,0,0.007593205,0,0,0,0,0,0,0,0,0,0,0,0,0,0,0,0,0,0,0,0,0,0,0,0,0,0,0,0,0,0,0,0,0,0,0,0,0,0,0,0,0,0,0,0,0,0,0,0,0,0,0,0,0,0,0,0,0,0
Fort Cobb,0.001577285,0.08783583,0.008845161,0.049644265,0,0.188973384,0.718770092,0.008949134,0,0.061101247,0.000536948,0,0.115567257,0,0.004832533,0.026571721,0,0.003775416,0,0,0.068825476,0,0,0.005637955,0,0.003818297,0,0.002734654,0,0.001610844,0,0,0,0.005727446,0.001431861,0.011932179,0,0,0,0,0,0.02195521,0,0,0,0,0,0.002416266,0,0,0,0,0,0.002863723,0.005503718,0,0,0,0,0,0,0,0,0,0,0,0,0,0,0,0,0,0,0,0,0,0,0,0,0,0,0,0,0,0,0,0,0,0,0,0,0,0,0,0,0,0,0,0,0,0,0,0,0,0,0
Fort Gibson,0,0.219297294,0.017253185,0.065711564,0.00668202,0.495229714,0,0,0.091668966,0,0,0,0.04956026,0.017818721,0.079457574,0.835527008,0,0.013050821,0.036646705,0,0,0,0.001461692,0.030069091,0.01336404,0.008700547,0,0,0.055126668,0.001566099,0,0,0,0,0,0,0.18871242,0,0.031557261,0,0,0,0,0,0,0,0,0,0,0,0,0,0,0,0,0,0,0,0,0,0.027563334,0,0,0,0,0,0,0,0,0,0,0,0,0,0,0,0,0,0,0,0,0,0,0,0,0,0,0,0,0,0,0,0,0,0,0,0,0,0,0,0,0,0,0,0,0
Fort Supply,0.050115152,1.280430542,0.017737456,0.223059411,0.007424467,1.634908964,0,0,0,0.055739186,0.073114249,0,0,0,0,0.423618164,0,0,0.055219473,0.002784175,0,0,0,0.027841751,0,0,0,0.095712891,0.015660985,0.013920876,0,0.016705051,0.365379483,0,0,0,0,0.038108397,0,0,0,0,0,0,0,0,0,0,0,0,0,0,0,0,0,0,0,0,0,0,0,0,0,0,0,0,0,0,0,0,0,0,0,0,0,0,0,0,0,0,0,0,0,0,0,0,0,0,0,0,0,0,0,0,0,0,0,0,0,0,0,0,0,0,0,0
Frederick,0,0.659211466,0.010440657,0,0,2.278836468,0,0,0,0,0.003262705,0,0.176648144,0,0.059369151,0,0,0.574236121,0,0,0,0,0,0,0,0,0,0,0.037122335,0,0,0,0,0,0,0,0,0,0,0,0,0,0,0,0,0,0,0,0,0,0,0,0,0,0,0,0,0,0,0,0,0,0,0,0,0,0,0,0,0,0,0,0,0,0,0,0,0,0,0,0,0,0,0,0,0,0,0,0,0,0,0,0,0,0,0,0,0,0,0,0,0,0,0,0,0
Fuqua,0,0.266334773,0.039647209,0.077208657,0.020881314,1.073193475,0,0.009083371,0.081567631,0.268393439,0.172270836,0,0.030100414,0.004126597,0.091078446,0.204098877,0,0,0.008074108,0,0,0,0,0,0,0,0.41762627,0.311565399,0.060230407,0.029778319,0,0,0,0.001957623,0,0,0,0,0.009788116,0,0,0,0,0,0,0,0,0,0,0,0,0,0,0,0,0,0,0,0,0,0.037847381,0,0,0,0,0,0,0,0,0,0,0,0,0,0,0,0,0,0,0,0,0,0,0,0,0,0,0,0,0,0,0,0,0,0,0,0,0,0,0,0,0,0,0,0,0
Great Salt Plains,0,0.523587749,0.065659671,0.074354122,0.4072255,1.614727827,0.117833252,0,0,0.152135284,0.065384613,0.119965853,0.340210291,0,0.110657842,0.230679461,0.36190376,0.01622657,0.39015076,0,0.041566865,0,0,0,0,0.023864358,0,0.107654213,0,0.004474567,0.001677963,0,0,0.033815796,0,0.356288255,0,0,0,2.049777914,0,0.043696945,0,0,0,0,0,0,0,0,0,0,0,0,0,0,0,0,0.168005082,0,0,0,0,0,0.648173016,0,0,0,0.557829374,0,0,0,0,0,0,0,0,0,0,0,0,0,0,0,0,0,0,0,0,0,0,0,0,0,0,0.031545699,0,0,0,0,0,0.44275203,0,0,0,0
Greenleaf,0.389949133,0.352950974,0.010506696,0.007752188,0.005498746,0.269142562,0.370762837,0,0.104838289,0.18495964,0.09233645,0.005192757,0.019010731,0,0.014710618,0.019329321,0,0.00730585,0.000696044,0.002208634,0.085644673,0,0,0,0,0.008352525,0,0,0.001392088,0,0.001076191,0,0,0,0,0.364038586,0,0,0,0,0,0.235262799,0,0,0,0,0,0,0,0,0,0,0,0,0.036333486,0.006655213,0,0,0,0,0,0,0,0,0,0,0,0,0,0,0,0,0,0,0,0,0,0,0,0,0,0,0,0,0,0,0.019489226,0.020881314,0,0,0,0,0,0,0,0,0,0,0,0,0,0,0,0,0,0
Hauani,0.040726994,0.125044266,0.009780877,0.003380601,0.006535851,0.209573345,0,0,0.030473667,0.109294883,0.007263565,0,0.007612979,0,0.012856146,0.005450317,0,0,0.002436153,0,0,0,0,0,0,0,0,0.003589233,0,0.003132197,0,0,0,0.000293643,0,0,0,0,0,0,0,0,0,0,0,0,0,0,0,0,0,0,0,0,0,0,0,0,0,0,0,0,0,0,0,0,0,0,0,0,0,0,0,0,0,0,0,0,0,0,0,0,0,0,0,0,0,0,0,0,0,0,0,0,0,0,0,0,0,0,0,0,0,0,0,0
Hefner,0,0.121613482,0.042031174,0.346546279,0,0.686757333,0,0,0.212405077,0.022779615,0.108579745,0,0.023325376,0.026182668,0.36736102,0.13790151,0,0.169138639,0.008542356,0.001138981,0.028177909,0,0,0,0.035877893,0.010440657,0,0.019940186,0.044113199,0.022500565,0,0,0.045728853,0,0,0,0,0,0,0,0,0.006833885,0.015660985,0,0.063782921,0,0,0,0,0,0,0,0,0,0,0,0,0,0,0,0.001138981,0,0.092595337,0,0,0,0,0,0,0,0,0,0,0,0,0,0,0,0,0,0,0,0,0,0,0,0,0,0,0,0,0,0,0,0,0,0,0,0,0,0,0,0,0,0,0
Henryetta,0.335771521,0.517334541,0,0.007047443,0,2.492504508,0,0,0,0,0,0.031904297,0,0,0,0.079760742,0,0,0,0,0,0,0,0,0,0,0,0,0,0,0,0,0,0,0,0,0,0,0,0,0,0,0,0,0,0,0,0,0,0,0,0,0,0,0,0,0,0,0,0,0,0,0,0,0,0,0,0,0,0,0,0,0,0,0,0,0,0,0,0,0,0,0,0,0,0,0,0,0,0,0,0,0,0,0,0,0,0,0,0,0,0,0,0,0,0
Heyburn,0,1.412446846,0.027594381,0,0,1.87065573,0,0,0,0.028189773,0.084602991,0,0.135667634,0.194892259,0.00556835,0.072449341,0,0,0,0,0,0,0,0,0,0,0,0.028497849,0.167050508,0,0.000522033,0,0,0,0,0.168442595,0,0,0,0,0,0.1287681,0,0,0,0,0,0,0,0,0,0,0,0,0,0,0,0,0,0,0,0,0,0,0,0,0,0,0,0,0,0,0,0,0,0,0,0,0,0,0,0,0,0,0,0,0,0,0,0,0,0,0,0,0,0,0,0,0,0,0,0,0,0,0,0
Hominy,0.017019576,0.195149929,0.045893714,0.01364341,0.00642502,0.775074765,0,0,0.004698296,0.102642097,0.083352657,0,0.055058151,0.127888106,0.055881695,0.072532425,0,0,0.04228466,0,0,0,0,0,0,0.002039191,0,0,0.070273651,0,0,0,0,0,0,0,0,0,0.001500845,0,0,0,0,0,0,0,0,0,0,0,0,0,0,0,0,0,0,0,0,0,0,0,0,0,0,0,0,0,0,0,0,0,0,0,0,0,0,0,0,0,0,0,0,0,0,0,0,0,0,0,0,0,0,0,0,0,0,0,0,0,0,0,0,0,0,0
Hudson-Mayes_cty,0,0.240697326,0.008449535,0.01420168,0.003853298,0.366175505,0.358965765,0,0.239213828,0.003460332,0.001283641,0.004405831,0.039594948,0,0.002416266,0.019028634,0.008725406,0,0,0,0,0,0,0,0.00288361,0,0,0,0,0.002863723,0.00096949,0,0,0.00576722,0,0.062678198,0,0,0,0,0.000335593,0,0,0,0,0,0,0,0.015034546,0,0,0,0,0,0,0,0,0,0,0,0,0,0,0,0,0,0,0,0.130935779,0,0,0,0,0,0,0,0,0,0,0,0,0,0,0,0,0,0,0,0,0,0,0,0,0,0,0,0,0,0,0,0,0,0,0,0,0
Hulah,0,0.318484776,0.015234879,0.037213521,0.033890715,1.418616777,0.139537991,0,0.031898742,0,0,0,0.018942334,0,0.129970325,0.139809187,0,0.017991489,0.011798175,0,0,0,0,0.002505758,0,0,0,0,0.005220328,0,0,0,0,0.005637955,0,0.125847202,0,0,0,0,0,0,0,0,0,0,0,0.012727658,0,0,0,0,0,0,0,0.003802979,0,0,0,0,0,0,0,0.09262354,0,0,0,0,0,0,0,0,0,0,0,0,0,0,0,0,0,0,0,0,0,0,0,0,0,0.040789006,0,0,0,0,0,0,0,0,0,0,0,0,0,0,0,0
Humphreys,0.641336984,0.140574222,0.016463799,0.71303455,0.001607698,0.312465001,0.015034546,0.003676466,0,1.554027981,0.028615988,0.000398804,0.043924646,0,0.027580995,0.050635056,0,0.004098359,0.139134401,0.031656043,0.232466604,0,0,0.000726307,0.009913779,0,0,0.034297119,0,0.093770861,0,0,0.018997456,0.008222017,0,0.054644791,0.004071856,0,0,0,0,0,0,0,0.007047443,0,0,0.116575554,0,0,0,0,0,0.002601605,0,0,0,0,0,0,0,0,0.077717036,0,0.058104525,0,0,0.001794488,0.468579084,0,0,0,0,0,0,0.005810453,0,0,0,0,0,0,0,0,0,0,0,0,0,0,0,0,0,0,0,0,0,0,0,0,0,0,0,0,0,0
Kaw,0,0.174028601,0.014743794,0.048940579,0.005220328,0.830960016,0,0,0.619213332,0.121216025,0,0.021269531,0.079039343,0.003915246,0.219870542,0.2513974,0,0.03719484,0.015660985,0,0,0,0,0.052855825,0,0,0,0,0.052855825,0,0,0,0,0,0,0,0,0,0,0,0,0,0,0,0,0,0,0,0,0,0,0,0,0,0,0,0,0,0,0,0.000326271,0,0.317850409,0,0,0,0,0,0,0,0,0,0,0,0,0,0,0,0,0,0,0,0,0,0,0,0,0,0,0,0,0,0,0,0,0,0,0,0,0,0,0,0,0,0,0
Keystone,0.002818977,1.056279792,0.014646183,0.020011259,0.000835253,2.514855671,0.001879318,0,0.023983331,0,0,0,0.130122427,0,0.000352372,0.056364258,0,0,0.006098388,0,0,0,0,0,0,0,0,0,0,0,0,0,0,0,0,0.175403033,0,0,0,0,0.03132197,0,0,0,0,0,0,0,0,0,0,0,0,0,0,0,0,0,0,0,0,0,0,0,0.072504561,0,0,0,0.845693196,0,0,0,0,0,0,0,0,0,0,0,0,0,0,0,0,0,0,0,0,0,0,0,0,0,0,0,0,0,0,0,0,0,0,0,0,0
Konawa,0.023778536,0.077683865,0.019281577,0.13257106,0.024310951,0.159285566,0,0.00063949,0.040966955,0.016287425,0.02304514,0.131000712,0.088430464,0.000951405,0.446363153,0.122181737,0.011663163,0.16612104,0.214140101,0.00016183,0.316169358,0,0,0.022395209,0.235461741,0.008197184,0.000845693,0.209666346,0,0.013199711,0,0,0,0.005135675,0.00097193,0.007653951,0,0,0,0,0.008610694,0.046328674,0,0,0.034789939,0,0.027145708,0.178592179,0.004343313,0,0.03037282,0,0.225516742,0.011897768,0.001628742,0.013115796,0,0,0,0,0,0,0,0,0.020197925,0,0,0,0,0,0,0,0,0,0,0,0,0,0,0,0,0,0,0,0,0,0,0,0,0,0,0,0,0,0,0,0,0,0,0,0,0,0.01485,0,0.008686626,0.110754487
Lawtonka,1.935035727,0.0986648,0.006462059,0.021622838,0.007593205,0.433335676,0,0,0,1.127904147,0.05443972,0,0.002505758,0,0.017370643,0.015653046,0,0,0.030069092,0,0.043826623,0,0,0,0,0,0,0,0,0,0,0,0,0,0,0,0,0,0,0,0,0,0,0,0,0,0,0,0,0,0,0,0,0,0,0,0,0,0,0,0,0,0,0,0,0,0,0,0,0,0,0,0,0,0,0,0,0,0,0,0,0,0,0,0,0,0,0,0,0,0,0,0,0,0,0,0,0,0,0,0,0,0,0,0,0
Lloyd Church,0,0.106651309,0.003442285,0,0.003758637,0.282778663,0.131589862,0,0,0,0,0,0,0.001223515,0.040092122,0.017946167,0,0.012215569,0,0,0,0,0,0,0,0.002505758,0,0,0,0,0,0,0,0,0,0,0,0,0,0,0,0,0,0,0,0,0,0,0,0,0,0,0,0,0,0,0,0,0,0,0,0,0,0,0,0,0,0,0,0,0,0,0,0,0,0,0,0,0,0,0,0,0,0,0,0,0,0,0,0,0,0,0,0,0,0,0,0,0,0,0,0,0,0,0,0
McAlester,0,1.457450427,0.005220328,0,0,2.930194785,0.978811569,0,0,0,0,0,0,0,0,0,0,0.046982955,0,0,0,0,0,0,0,0,0,0,0.065254104,0,0,0,0,0,0,0,0,0,0,0,0,0,0,0,0,0,0,0,0,0,0,0,0,0,0,0,0,0,0,0,0,0,0,0,0,0,0,0,0,0,0,0,0,0,0,0,0,0,0,0,0,0,0,0,0,0,0,0,0,0,0,0,0,0,0,0,0,0,0,0,0,0,0,0,0,0
McGee Creek,0,0.274346527,0.004019517,0.125413169,0,0.470623859,0.046306777,0,0.050115152,0.038246632,0.014527619,0,0.043483215,0,0.002046369,0.031266211,0,0.041966546,0.000511592,0,0,0,0,0,0,0,0,0,0.007034393,0,0.000215828,0,0,0,0,0,0,0,0,0,0,0,0.069064944,0,0,0,0,0.004092738,0,0,0,0,0,0,0.014196683,0.00825633,0,0,0,0,0,0,0.004092738,0,0,0,0,0,0,0,0,0,0,0,0,0,0,0,0,0,0,0,0,0,0,0,0,0,0,0,0,0,0,0,0,0,0,0,0,0,0,0,0,0,0,0
McMurtry,0.039841546,0.161141393,0.00446648,0,0.002625079,0.533577791,0,0.003132197,0.054237178,0.098928612,0.018483359,0,0.017572846,0,0,0.018127441,0,0,0,0,0.527229426,0,0,0,0,0,0,0,0.00173559,0,0,0,0,0,0,0,0,0,0,0,0,0.274223171,0,0,0,0,0,0,0,0,0,0,0,0,0,0,0,0,0,0,0,0,0,0,0,0,0,0,0,0,0,0,0,0,0,0,0,0,0,0,0,0,0,0,0,0,0,0,0,0,0,0,0,0,0,0,0,0,0,0,0,0,0,0.046860922,0,0
Meeker,0,0.571991379,0.035529294,0,0.005011515,3.338138975,0,0,0.314307271,0,0,0,0.027841751,0,0,0.122565674,0,0.020881313,0,0,0,0,0,0,0,0,0,0,0,0,0,0,0,0,0,0,0,0,0,0,0,0,0,0,0,0,0,0,0,0,0,0,0,0,0,0,0,0,0,0,0,0,0,0,0,0,0,0,0,0,0,0,0,0,0,0,0,0,0,0,0,0,0,0,0,0,0,0,0,0,0,0,0,0,0,0,0,0,0,0,0,0,0,0,0,0
Mountain,0,0.226734281,0.054824838,0,0.02921576,0.431396346,0,0,0.049922402,0,0,0.07734375,0.020248546,0.005146374,0.021857583,0.372478151,3.280264517,0,0.022216972,0.000374793,0,0,0.002698508,0,0,0,0,0,0.005968575,0,0,0,0,0,0,0,0,0,0.001499171,0,0,0,0,0,0,0,0,0,0,0,0,0,0,0,0.007550832,0,0,0,0,0,0,0,0,0,0,0,0,0,0,0,0,0,0,0,0,0,0,0,0,0,0,0,0,0,0,0,0,0,0,0,0,0,0,0,0,0,0,0,0,0,0,0,0,0,0,0
New Spiro,0,0.313905398,0.071117746,0.069264318,0.022435811,0.907124967,0.517451221,0,0.137903674,0.07329341,0.039804438,0.018843475,0.176343849,0.011368715,0.300559853,1.298738526,0,0.009866421,0.072141107,0.007732611,0,0,0,0.037122335,0.041538464,0.004640292,0,0.111533455,0,0.315071744,0,0,0,0.003656057,0,0,0,0,0.00604253,0.007125748,0.001096269,0.10524182,0.049332103,0,0,0,0,0,0.039864326,0,0,0,0,0,0.113898074,0,0,0,0,0,0,0.332202715,0,0,0,0,0,0,0,0,0,0,0,0,0,0,0,0,0,0,0,0,0,0,0,0,0,0,0,0,0,0,0,0,0,0,0,0,0,0,0,0,0,0,0,0
Okemah,0.045103637,0.259097078,0.019127283,0.010978868,0.00762864,0.367436075,0.119407111,0,0.010524182,0.985364125,0.094295835,0,0.004630431,0,0.055773988,0.060405469,0,0.041762627,0.010240196,0.000852654,0.052342492,0,0,0,0,0,0,0,0,0.000548134,0,0,0,0.000584677,0,0,0,0,0,0,0,0,0,0,0,0,0,0,0,0,0,0,0,0,0,0.033559747,0,0,0,0,0,0,0,0,0,0,0,0,0.017401095,0,0,0,0,0,0,0.000556835,0.014547315,0,0,0,0,0,0,0,0,0,0,0,0,0,0,0,0,0,0,0,0,0,0,0,0,0,0,0,0,0
Okmulgee,0.088408269,0.218121382,0.007164074,0.000783049,0.001370671,0.384941743,0.071414092,0,0.019576231,0.021920368,0.021014954,0.006380859,0.010965367,0.008352525,0.001156504,0.025502986,0.046260141,0.049332103,0.004112012,0.000214167,0,0.000342668,0,0.007047443,0,0,0,0.031904297,0,0,0.002891259,0,0,0,0,0,0,0,0.003915246,0,0,0,0,0,0,0,0,0,0.000514002,0,0,0,0,0,0,0.074943299,0,0,0,0,0,0,0,0,0,0,0,0,0,0,0,0,0,0,0,0,0,0,0,0,0,0,0,0,0,0,0,0,0,0,0,0,0,0,0,0,0,0,0,0,0,0,0,0,0,0
Oologah,0,0.104095585,0.000559321,0.003302231,0,0.554310899,0.031142988,0,0.071915244,0,0,0.000788349,0,0,0,0.024221221,0,0,0,0,0,0,0,0,0,0,0,0,0,0,0,0,0,0,0,0,0,0,0,0,0,0,0,0,0,0,0,0,0,0,0,0,0,0,0,0,0,0,0,0,0,0,0,0,0,0,0,0,0,0,0,0,0,0,0,0,0,0,0,0,0,0,0,0,0,0,0,0,0,0,0,0,0,0,0,0,0,0,0,0,0,0,0,0,0,0
Overholser,0,0.425773245,0.092805006,0.389273899,0.040561951,1.307553999,0.069547303,0.002205589,0.010023031,0.016425241,0,0.022809703,0.047504988,0,0.198350057,1.260886777,0,0.04436855,0.213421292,0,0.213008974,0,0,0.010440657,0.003915246,0,0,0.156474375,0,0.10775936,0.002336097,0,0.089071853,0.00196702,0,0,0,0,0,0,0,0.177491165,0,0,0.056379546,0,0,0,0,0.003027791,0,0,0,0,0,0,0,0,0,0,0,0,0,0.031811376,0,0,0,0,0.048862274,0,0,0,0,0,0,0,0,0,0,0,0,0,0,0,0,0,0,0,0,0,0.039152463,0,0,0,0,0,0,0,0,0.210768923,0,0,0,0,0,0
Pauls Valley,0,0.769434876,0.024203341,0.068200654,0,1.421261094,1.08114187,0,0.110279437,0,0.045808382,0,0,0,0.223821579,0.299102783,0,0,0,0,0.226402082,0,0,0,0,0,0,0,0,0,0,0,0,0.001631353,0,0,0,0,0,0,0,0,0,0,0,0,0,0,0,0,0,0,0,0,0.078304926,0,0,0,0,0,0,0,0,0,0,0,0,0,0,0,0,0,0,0,0,0,0,0,0,0,0,0,0,0,0,0,0,0,0,0,0,0,0,0,0,0,0,0,0,0,0,0,0,0,0,0
Pine Creek,0.054990939,0.316036504,0.010222844,0.004284846,0.000556835,0.275878041,0,0,0.181432951,0.070661495,0.065828341,0,0.011823648,0.017869097,0.036123454,0.731937744,0,0,0.003448549,1.74011E-05,0.144777107,0,0,0.001492144,0.000556835,0.001903245,29.00182427,0.002126953,0.005846768,0.00015661,0,0,0,0,0,0,0.024300629,0,0.032192025,0,0,0,0,0,0,0,0,0,0,0,0,0,0,0,0.007830493,0.049692258,0,0,0,0,0,0,0,0,0,0,0,0,0,0,0.010858283,0,0,0,0,0,0,0,0,0.05596192,0,0,0,0,0,0,0,0,0,0,0,0,0,0,0,0,0,0,0,0,0,0,0,0,0,0
Ponca,0.137165172,0.147508537,0.018742082,0.490199559,0.003619428,0.224960478,0.199180264,0,0.040718561,1.046894793,0.046449394,0.013825195,0.077272659,0.021344748,0.121438614,0.191735962,0,0,0,0.003506321,0.299155546,0,0,0.008770152,0.009953426,0.019440285,0,0.010885706,0.066594471,0.123766488,0,0,0.323007818,0.001011941,0.005727446,0,0,0,0,0,0.001624102,0.567017152,0,0.036646705,0.025449101,0,0,0,0,0,0,0,0,0,0.059720557,0,0,0,0,0,0,0,0,0,0,0,0,0,0,0,0,0,0,0,0,0,0,0,0,0,0,0,0,0,0,0,0,0,0,0,0,0,0,0,0,0,0,0,0,0,0,0,0,0,0,0
Raymond Gary,0,0.162091196,0.002411139,0.025835927,0.00111367,0.299281425,0,0,0,0,0,0,0.181010925,0,0,0.007444336,0,0,0,0.000139209,0,0,0,0,0,0,0,0,0,0,0.001670505,0,0,0,0,0,0,0,0,0,0,0,0,0,0,0,0,0,0,0,0,0,0,0,0,0,0,0,0,0,0,0,0,0,0,0,0,0,0,0,0,0,0,0,0,0,0,0,0,0,0,0,0,0,0,0,0,0,0,0,0,0,0,0,0,0,0,0,0,0,0,0,0,0,0,0
RC Longmire,0.008721211,0.222224877,0.006388524,0.035088339,0.020630738,0.418920384,0.089681935,0.001796413,0,1.052692927,0.037018137,0,0.118498377,0,0.029847257,0.056011981,0,0.000704744,0.016757254,0.000450253,0.248732703,0,0,0.009513921,0.02988348,0.055126668,0.002192538,0.000396816,0.002681161,0.032357971,0.001252879,0.003174524,0,0.003201801,0,0.28722338,0,0,0,0,0.00134058,0.081030473,0,0,0,0,0,0,0,0,0,0,0,0,0,0,0,0,0,0,0,0,0,0,0.054030399,0,0,0,0,0.001252879,0,0,0,0,0,0,0,0,0,0,0,0,0,0,0,0,0,0,0,0,0,0,0,0,0,0,0,0,0,0,0,0,0,0,0,0
Sardis,0,0.382565239,0.008428742,0,0.011275909,0.913569885,0,0,0.030451916,0.079348991,0.106458415,0,0,0,0.02650948,0.090395508,0,0,0.007830493,0,4.084698135,0,0,0,0,0,0,0.025922241,0,0,0,0,0,0,0,0,0,0,0,0,0,0,0,0,0,0,0,0,0,0,0,0,0,0,0,0,0,0,0,0,0,0,0,0,0,0,0,0,0,0,0,0,0,0,0,0,0,0,0,0,0,0,0,0,0,0,0,0,0,0,0,0,0,0,0,0,0,0,0,0,0,0,0,0,0,0
Shawnee Twin #1,0,0.218150997,0.010896306,0.567762078,0.016496238,0.738153616,0,0,0,0.045416857,0.013311837,0.031904297,0.035237217,0,0.019628435,0.018145569,0,0,0.000652541,0,0,0,0,0,0,0,0,0,0,0.002818977,0,0,0,0,0,0,0,0,0,0,0,0,0,0,0,0,0,0,0,0,0,0,0,0,0,0,0,0,0,0,0,0,0,0,0,0,0,0,0,0,0,0,0,0,0,0,0,0,0,0,0,0,0,0,0,0,0,0,0,0,0,0,0,0,0,0,0,0,0,0,0,0,0,0,0,0
Shawnee Twin #2,0,0.174055173,0.003854799,0.898016547,0.004698295,0.523916234,0.018793182,0,0,0.41164532,0.061386271,0.014257233,0.040428543,0,0.001252879,0.032092621,0,0,0,0,0,0,0,0,0,0,0,0,0,0,0.000104407,0,0,0,0,0,0,0,0,0,0,0,0,0,0,0,0,0,0,0,0,0,0,0,0,0,0,0,0,0,0,0,0,0,0,0,0,0,0,0,0,0,0,0,0,0,0,0,0,0,0,0,0,0,0,0,0,0,0,0,0,0,0,0,0,0,0,0,0,0,0,0,0,0,0,0
Shell,0.505719311,0.360890001,0.031231484,0.029353254,0,0.739071251,0,0.041110086,0.125287881,0.546364787,0.31603026,0,0.044546802,0.035210674,0.082216719,0.133599243,0,0.078320587,0.026728081,0.004045754,0,0,0,0,0.01002303,0.002088131,0,0,0.082690001,0.003915246,0,0,0,0,0,0,0,0,0.015452172,0,0,0,0,0.025684016,0,0,0,0.014094887,0,0,0,0,0,0,0,0,0,0,0,0,0,0,0,0,0,0,0,0,0,0,0,0,0,0,0,0,0,0,0,0,0,0,0,0,0,0,0,0,0,0,0,0,0,0,0,0,0,0,0,0,0,0,0,0,0,0
Spavinaw,0.028802697,0.054599496,0.009790088,0.019201934,0.001904115,0.15099863,0.266743322,0,0.01549785,0.144611334,0.00590869,0.040246681,0.091286207,0,0.026723062,0.020460721,0.001585675,0,0.005637955,0.000130508,0.017540303,0,0,0.001223515,0.00174881,0,0,0.014356934,0,0.001294478,0.000329533,0,0,0.001566099,0.004337236,0.007517273,0,0,0,0,0,0,0,0,0,0,0,0.001057117,0,0,0,0,0,0,0,0,0,0,0,0,0,0,0,0,0.225100559,0,0,0,0,0,0,0,0,0,0,0,0,0,0,0,0,0,0,0,0,0,0,0,0,0,0,0,0,0,0,0,0,0,0,0,0,0,0,0,0,0
Sportsman,0,0.426048399,0.006140411,0.007062125,0,1.058658123,0,0,0,0.009672616,0,0,0,0,0,0.060884033,0,0,0.001087568,0,0,0,0,0,0,0,0,0,0,0,0,0,0,0,0,0,0,0,0.000348022,0,0,0,0,0,0,0,0,0,0,0,0,0,0,0,0,0,0,0,0,0,0,0,0,0,0,0,0,0,0,0,0,0,0,0,0,0,0,0,0,0,0,0,0,0,0,0,0,0,0,0,0,0,0,0,0,0,0,0,0,0,0,0,0,0,0,0
Stroud,0.000627663,0.113515744,0.001566098,0.01719802,0.000104407,0.475602617,0,0,0.056820012,0.11715926,0.03474652,0,0,0,0.006054395,0.006131607,0,0.01096269,0,0,0.009286661,0,0,0,0,0.001063049,0,0.001345963,0.004040534,0,4.07839E-05,0,0,0,0,0.013703362,0,0,0,0,0,0,0,0,0,0,0,0,0,0,0,0,0,0.000152939,0,0,0,0,0,0,0,0,0,0,0,0,0,0.009629903,0,0,0,0,0,0,0,0,0,0,0,0,0,0,0,0,0,0,0,0,0,0,0,0,0,0,0,0,0,0,0,0,0,0,0,0,0,0
Taylor,0.188404245,0.171190881,0.037060671,0.334413682,0.025272915,0.322585705,0,0,0,0.063424088,0.052015693,0.005583252,0.035631401,0,0.06003413,0.146510513,0,0.008222017,0.049534652,0,0.676774789,0,0.04237445,0.026542289,0.05551506,0,0,0,0,0.075780962,0.001415688,0,0,0.002055504,0.009866421,0.002349148,0,0,0,0,0.000522033,0.043353052,0,0,0.109626896,0,0.00171292,0,0,0,0,0,0,0.008352526,0,0,0.00365423,0.034197418,0,0,0,0,0,0,0,0.058467678,0,0,0,0,0,0,0,0,0,0,0,0,0,0,0,0,0,0,0,0,0,0,0,0,0,0,0,0,0,0,0,0,0,0,0,0,0,0,0,0
Tecumseh,0,1.238087878,0.074911712,0,0.013920876,2.217008205,0.689083345,0,0.493321031,0,0,0,0.027841751,0,0.027841751,0.0465271,0,0.060033776,0,0,0.167050508,0,0,0,0,0,0,0,0.041762627,0,0,0,0,0,0,0,0,0,0,0,0,0,0,0,0,0,0,0,0,0,0,0,0,0,0,0,0,0,0,0,0,0,0,0,0,0,0,0,0,0,0,0,0,0,0,0,0,0,0,0,0,0,0,0,0,0,0,0,0,0,0,0,0,0,0,0,0,0,0,0,0,0,0,0,0,0
Texoma,0,0.254492274,0.014850179,0.099984671,0.011089876,0.874406722,0.170548128,0,0.103457493,0.09697282,0.122871391,0.004862988,0.049554929,0.110464424,0.058711741,0.074266164,0,0.050509826,0.049342392,0.002784175,0,0,0,0,0.001252879,0.005846768,0,0.008933203,0.080730955,0.007108619,0,0.00493321,0,0,0,0,0,0,0,0,0,0,0,0,0.044159673,0.054638938,0,0,0,0,0,0,0,0,0.046982955,0,0,0,0,0,0,0,0,0,0,0,0,0,0,0,0,0,0,0,0,0,0,0.118397047,0,0,0,0,0,0,0,0,0,0,0,0,0,0,0,0,0,0,0,0,0,0,0,0,0,0,0,0
Thunderbird,0.084992166,0.297423859,0.022614637,0.528751465,0.011352319,0.461930544,0.091877779,0.028711806,0,0.17189253,0.014355903,0.006729813,0,0,0.056605978,0.146959168,0,0,0.015856748,0,0.001392088,0,0,0.028189773,0,0,0,0.002658692,0.019298902,0.044067924,0.000522033,0,0,0,0,0,0,0,0.012920313,0,0,0,0,0,0,0,0.007830493,0.017818721,0,0,0,0,0,0,0,0,0,0,0,0,0,0,0,0,0,0,0,0,0,0,0,0,0,0,0,0,0,0,0,0,0,0,0,0,0,0,0,0,0,0,0,0,0,0,0,0,0,0,0,0,0,0,0,0,0,0
Tom Steed,0,0.453479775,0.032556417,0,0,1.117558109,0,0,0.03890776,0,0,0,0.025057576,0.008700547,0.123995006,0.022765045,0,0.028711806,0.015660985,0,0,0.04991939,0,0,0,0,0,0,0.027602486,0,0,0,0,0,0,0,0,0,0,0,0,0,0,0,0,0,0,0,0,0,0,0,0,0,0,0,0,0,0,0,0,0,0,0,0,0,0,0,0,0,0,0,0,0,0,0,0,0,0,0,0,0,0,0,0,0,0,0,0,0,0,0,0,0,0,0,0,0,0,0,0,0,0,0,0,0
Waurika,0.282485019,0.430915565,0.024783509,0,0,1.312390108,0,0,0,0,0,0,0.090621638,0.002610164,0.017540303,0.224327088,0,0,0.023491478,0,0,0,0,0,0,0,0.083525254,0,0.122440429,0,0,0,0,0,0,0,0,0,0,0,0,0,0,0,0,0.611757231,0,0,0,0,0,0,0,0,0,0,0,0,0,0,0,0,0,0,0,0,0,0,0,0,0,0,0,0,0,0,0,0,0,0,0,0,0,0,0,0,0,0,0,0,0,0,0,0,0,0,0,0,0,0,0,0,0,0,0,0
Waxhoma,0,0.194217967,0.010131572,0,0.000696044,0.625519321,0,0,0.138769379,0.015347765,0,0,0.018136752,0.006066402,0.019440784,0.076370911,0,0,0.001761861,0,0,0,0,0,0,0,0,0.002658691,0.013238753,0,0,0,0,0,0,0.06194042,0,0,0.000696044,0,0,0,0,0,0,0,0,0,0,0,0,0,0,0,0,0,0,0,0,0,0,0,0,0,0,0,0,0,0,0,0,0,0,0,0,0,0,0,0,0,0,0,0,0,0,0,0,0,0,0,0,0,0,0,0,0,0,0,0,0,0,0,0,0,0,0
Webbers Falls,0,0.141731915,0.016765563,1.468217354,0.005011515,0.511908663,0,0,0,0,0,0,0,0,0,0.004785645,0.613910616,0,0.1192323,0,0.488622736,0,0,0,0.104406568,0,0,0,0,0.176186083,0,0,0,0,0,0,0,0,0,0,0,0,0,0,0,0,0,0,0,0,0,0,0,0,0,0,0,0,0,0,0,0,0,0,0,0,0,0,0,0,0,0,0,0,0,0,0,0,0,0,0,0,0,0,0,0,0,0,0,0,0,0,0,0,0,0,0,0,0,0,0,0,0,0,0,0
Wes Watkins,0,0.726808918,0.005718696,0,0.00445468,1.798155157,0,0,0,6.850584717,0.229694448,0,0.163135262,0,0.00222734,0.035892334,0,0,0,0,0,0,0,0,0,0,0,0,0,0.266236747,0.000174011,0,0,0,0,0,0,0,0,0,0,0,0,0,0,0,0,0,0,0,0,0,0,0,0,0,0,0,0,0,0,0,0,0,0,0,0,0,0,0,0,0,0,0,0,0,0,0,0,0,0,0,0,0,0,0,0,0,0,0,0,0,0,0,0,0,0,0,0,0,0,0,0,0,0,0
Wetumka,0,0.277312544,0.003443329,0,0.005011515,0.908327348,0,0,0,0,0.017298863,0,0.055429012,0.001670505,0.002917618,0.02791626,0,0,0,0,0,0,0,0,0,0,0,0,0.005011515,0,0,0,0,0,0,0,0,0,0.003758636,0,0,0,0,0,0,0,0,0,0,0,0,0,0,0,0,0,0,0,0.081854749,0,0,0,0,0,0,0,0,0,0,0,0,0,0,0,0,0,0,0,0,0,0,0,0,0,0,0,0,0,0,0,0,0,0,0,0,0,0,0,0,0,0,0,0,0,0,0
Wiley Post,0,1.649297494,0.030656378,0,0,1.819121301,0,0,0.190541986,0,0,0,0.020881314,0,0.070474433,0.388833618,0,0,0.041762627,0.002610164,0,0,0,0,0,0,0,0,0.07867061,0,0,0,0,0,0,0,0,0,0,0,0,0,0,0,0,0,0,0,0,0,0,0,0,0,0,0,0,0,0,0,0,0,0,0,0,0,0,0,0,0,0,0,0,0,0,0,0,0,0,0,0,0,0,0,0,0,0,0,0,0,0,0,0,0,0,0,0,0,0,0,0,0,0,0,0,0
Wister,0,0.64784275,0.097482996,0,0.006264394,1.25209576,2.946979771,0,0,0,0.036346536,0.053173828,0.052899328,0.010440657,0.033925174,0.651545563,0,0.018793182,0.019576231,0.000783049,0.250575762,0,0,0,0,0,0,0,0,0,0,0,0,0,0,0.051159218,0,0,0,0,0.004176263,0.052855825,0,0,0,0,0,0,0,0,0,0,0,0,0.22447412,0,0,0,0,0,0.007047443,0,0,0,0,0,0,0,0,0,0,0,0,0,0,0,0,0,0,0,0,0,0,0,0,0,0,0,0,0,0,0,0,0,0,0,0,0,0,0,0,0,0,0,0,0